"","num","equil","pn","elapse"
"elapsed","4","FALSE","100",3.75099999998929
"elapsed1","4","FALSE","100",3.73300000000745
"elapsed2","4","FALSE","100",3.62400000001071
"elapsed3","4","FALSE","100",3.54099999996834
"elapsed4","4","FALSE","100",3.84000000002561
"elapsed5","4","FALSE","100",3.71700000000419
"elapsed6","4","FALSE","100",2.43499999999767
"elapsed7","4","FALSE","100",2.48100000002887
"elapsed8","4","FALSE","100",2.47399999998743
"elapsed9","4","FALSE","100",2.46299999998882
"elapsed10","4","FALSE","100",2.5789999999688
"elapsed11","4","FALSE","100",2.40099999995437
"elapsed12","4","FALSE","100",2.18299999996088
"elapsed13","4","FALSE","100",2.26900000002934
"elapsed14","4","FALSE","100",2.25800000003073
"elapsed15","4","FALSE","100",2.12699999997858
"elapsed16","4","FALSE","100",2.23299999994924
"elapsed17","4","FALSE","100",2.38099999999395
"elapsed18","4","FALSE","100",1.86700000002747
"elapsed19","4","FALSE","100",1.99900000001071
"elapsed20","4","FALSE","100",1.97599999996601
"elapsed21","4","FALSE","100",1.63500000000931
"elapsed22","4","FALSE","100",2.03800000000047
"elapsed23","4","FALSE","100",2.02499999996508
"elapsed24","4","FALSE","100",1.95900000003166
"elapsed25","4","FALSE","100",1.86200000002282
"elapsed26","4","FALSE","100",1.73499999998603
"elapsed27","4","FALSE","100",1.80699999997159
"elapsed28","4","FALSE","100",1.79800000000978
"elapsed29","4","FALSE","100",1.74099999997998
"elapsed30","4","FALSE","100",1.81700000003912
"elapsed31","4","FALSE","100",1.64100000000326
"elapsed32","4","FALSE","100",1.78000000002794
"elapsed33","4","FALSE","100",1.74699999997392
"elapsed34","4","FALSE","100",1.71799999999348
"elapsed35","4","FALSE","100",1.90200000000186
"elapsed36","4","FALSE","100",1.90100000001257
"elapsed37","4","FALSE","100",1.7390000000014
"elapsed38","4","FALSE","100",1.92800000001444
"elapsed39","4","FALSE","100",1.86200000002282
"elapsed40","4","FALSE","100",1.74900000001071
"elapsed41","4","FALSE","100",1.71699999994598
"elapsed42","4","FALSE","100",1.93400000000838
"elapsed43","4","FALSE","100",1.81399999995483
"elapsed44","4","FALSE","100",1.75200000003679
"elapsed45","4","FALSE","100",1.76199999998789
"elapsed46","4","FALSE","100",1.84899999998743
"elapsed47","4","FALSE","100",1.69000000000233
"elapsed48","4","FALSE","100",1.87900000001537
"elapsed49","4","FALSE","100",1.76299999997718
"elapsed50","4","FALSE","150",4.71400000003632
"elapsed51","4","FALSE","150",3.9210000000312
"elapsed52","4","FALSE","150",4.5
"elapsed53","4","FALSE","150",4.2850000000326
"elapsed54","4","FALSE","150",4.28700000001118
"elapsed55","4","FALSE","150",4.61099999997532
"elapsed56","4","FALSE","150",4.55399999994552
"elapsed57","4","FALSE","150",4.69899999996414
"elapsed58","4","FALSE","150",4.55999999999767
"elapsed59","4","FALSE","150",4.42399999999907
"elapsed60","4","FALSE","150",4.1940000000177
"elapsed61","4","FALSE","150",3.91600000002654
"elapsed62","4","FALSE","150",3.7269999999553
"elapsed63","4","FALSE","150",3.75899999996182
"elapsed64","4","FALSE","150",3.97599999996601
"elapsed65","4","FALSE","150",3.79399999999441
"elapsed66","4","FALSE","150",3.86999999999534
"elapsed67","4","FALSE","150",3.69000000000233
"elapsed68","4","FALSE","150",4.18699999997625
"elapsed69","4","FALSE","150",4.20199999999022
"elapsed70","4","FALSE","150",3.92300000000978
"elapsed71","4","FALSE","150",3.78299999999581
"elapsed72","4","FALSE","150",4.56299999996554
"elapsed73","4","FALSE","150",4.23399999999674
"elapsed74","4","FALSE","150",3.90700000000652
"elapsed75","4","FALSE","150",4.20100000000093
"elapsed76","4","FALSE","150",4.00099999998929
"elapsed77","4","FALSE","150",3.60300000000279
"elapsed78","4","FALSE","150",3.98200000001816
"elapsed79","4","FALSE","150",3.98500000004424
"elapsed80","4","FALSE","150",4.7510000000475
"elapsed81","4","FALSE","150",4.8179999999702
"elapsed82","4","FALSE","150",4.16200000001118
"elapsed83","4","FALSE","150",4.17799999995623
"elapsed84","4","FALSE","150",4.14600000000792
"elapsed85","4","FALSE","150",4.58199999999488
"elapsed86","4","FALSE","150",4.21700000000419
"elapsed87","4","FALSE","150",3.87300000002142
"elapsed88","4","FALSE","150",4.27799999999115
"elapsed89","4","FALSE","150",4.03299999999581
"elapsed90","4","FALSE","150",4.04700000002049
"elapsed91","4","FALSE","150",3.89199999999255
"elapsed92","4","FALSE","150",4.55499999999302
"elapsed93","4","FALSE","150",4.66499999997905
"elapsed94","4","FALSE","150",4.45100000000093
"elapsed95","4","FALSE","150",4.40000000002328
"elapsed96","4","FALSE","150",4.3979999999865
"elapsed97","4","FALSE","150",4.72599999996601
"elapsed98","4","FALSE","150",3.99200000002747
"elapsed99","4","FALSE","150",4.3520000000135
"elapsed100","4","FALSE","200",7.51699999999255
"elapsed101","4","FALSE","200",7.37699999997858
"elapsed102","4","FALSE","200",7.06299999996554
"elapsed103","4","FALSE","200",7.1359999999986
"elapsed104","4","FALSE","200",6.80499999999302
"elapsed105","4","FALSE","200",6.9440000000177
"elapsed106","4","FALSE","200",6.92699999996694
"elapsed107","4","FALSE","200",6.76699999999255
"elapsed108","4","FALSE","200",6.90600000001723
"elapsed109","4","FALSE","200",7.33899999997811
"elapsed110","4","FALSE","200",8.67900000000373
"elapsed111","4","FALSE","200",7.49900000001071
"elapsed112","4","FALSE","200",7.12700000003679
"elapsed113","4","FALSE","200",7.79099999996834
"elapsed114","4","FALSE","200",7.54899999999907
"elapsed115","4","FALSE","200",6.72299999999814
"elapsed116","4","FALSE","200",6.53099999995902
"elapsed117","4","FALSE","200",6.36599999997998
"elapsed118","4","FALSE","200",7.47399999998743
"elapsed119","4","FALSE","200",6.84299999999348
"elapsed120","4","FALSE","200",7.95299999997951
"elapsed121","4","FALSE","200",7.71199999999953
"elapsed122","4","FALSE","200",7.54999999998836
"elapsed123","4","FALSE","200",7.68599999998696
"elapsed124","4","FALSE","200",6.87900000001537
"elapsed125","4","FALSE","200",6.98500000004424
"elapsed126","4","FALSE","200",6.63999999995576
"elapsed127","4","FALSE","200",6.67399999999907
"elapsed128","4","FALSE","200",7.6929999999702
"elapsed129","4","FALSE","200",6.9210000000312
"elapsed130","4","FALSE","200",7.43899999995483
"elapsed131","4","FALSE","200",7.54300000000512
"elapsed132","4","FALSE","200",7.84999999997672
"elapsed133","4","FALSE","200",7.51799999998184
"elapsed134","4","FALSE","200",6.98599999997532
"elapsed135","4","FALSE","200",7.48700000002282
"elapsed136","4","FALSE","200",7.87300000002142
"elapsed137","4","FALSE","200",7.03100000001723
"elapsed138","4","FALSE","200",7.4429999999702
"elapsed139","4","FALSE","200",6.99700000003213
"elapsed140","4","FALSE","200",6.94000000000233
"elapsed141","4","FALSE","200",6.82300000003306
"elapsed142","4","FALSE","200",7.39400000002934
"elapsed143","4","FALSE","200",8.05200000002515
"elapsed144","4","FALSE","200",7.22000000003027
"elapsed145","4","FALSE","200",6.85099999996601
"elapsed146","4","FALSE","200",7.15299999999115
"elapsed147","4","FALSE","200",7.06200000003446
"elapsed148","4","FALSE","200",6.6479999999865
"elapsed149","4","FALSE","200",7.75699999998324
"elapsed150","4","FALSE","300",16.8859999999986
"elapsed151","4","FALSE","300",17.3719999999739
"elapsed152","4","FALSE","300",17.4230000000098
"elapsed153","4","FALSE","300",16.689000000013
"elapsed154","4","FALSE","300",16.3069999999716
"elapsed155","4","FALSE","300",17.0470000000205
"elapsed156","4","FALSE","300",15.4820000000182
"elapsed157","4","FALSE","300",15.9969999999739
"elapsed158","4","FALSE","300",14.7779999999912
"elapsed159","4","FALSE","300",16.1570000000065
"elapsed160","4","FALSE","300",14.6790000000037
"elapsed161","4","FALSE","300",14.1149999999907
"elapsed162","4","FALSE","300",14.6969999999856
"elapsed163","4","FALSE","300",14.4510000000009
"elapsed164","4","FALSE","300",14.4660000000149
"elapsed165","4","FALSE","300",13.9570000000531
"elapsed166","4","FALSE","300",14.4780000000028
"elapsed167","4","FALSE","300",14.314000000013
"elapsed168","4","FALSE","300",15.4780000000028
"elapsed169","4","FALSE","300",14.9170000000158
"elapsed170","4","FALSE","300",15.9170000000158
"elapsed171","4","FALSE","300",15.6359999999986
"elapsed172","4","FALSE","300",15.9780000000028
"elapsed173","4","FALSE","300",19.1730000000098
"elapsed174","4","FALSE","300",15.655999999959
"elapsed175","4","FALSE","300",14.6589999999851
"elapsed176","4","FALSE","300",14.6729999999516
"elapsed177","4","FALSE","300",15.14300000004
"elapsed178","4","FALSE","300",14.1529999999912
"elapsed179","4","FALSE","300",16.1930000000284
"elapsed180","4","FALSE","300",14.5069999999832
"elapsed181","4","FALSE","300",15.0349999999744
"elapsed182","4","FALSE","300",15.9619999999995
"elapsed183","4","FALSE","300",16.1130000000121
"elapsed184","4","FALSE","300",15.829000000027
"elapsed185","4","FALSE","300",16.4459999999963
"elapsed186","4","FALSE","300",17.8490000000456
"elapsed187","4","FALSE","300",13.8790000000154
"elapsed188","4","FALSE","300",14.9220000000205
"elapsed189","4","FALSE","300",15.5939999999828
"elapsed190","4","FALSE","300",15.1999999999534
"elapsed191","4","FALSE","300",14.3069999999716
"elapsed192","4","FALSE","300",14.4569999999949
"elapsed193","4","FALSE","300",16.2619999999879
"elapsed194","4","FALSE","300",14.8349999999627
"elapsed195","4","FALSE","300",14.6240000000107
"elapsed196","4","FALSE","300",14.1979999999749
"elapsed197","4","FALSE","300",16.0210000000079
"elapsed198","4","FALSE","300",15.1269999999786
"elapsed199","4","FALSE","300",16.210000000021
"elapsed200","4","FALSE","500",47.0509999999776
"elapsed201","4","FALSE","500",44.8460000000196
"elapsed202","4","FALSE","500",46.4180000000051
"elapsed203","4","FALSE","500",45.1720000000205
"elapsed204","4","FALSE","500",43.8450000000303
"elapsed205","4","FALSE","500",42.5690000000177
"elapsed206","4","FALSE","500",41.8099999999977
"elapsed207","4","FALSE","500",42.4760000000242
"elapsed208","4","FALSE","500",42.5040000000154
"elapsed209","4","FALSE","500",45.3369999999995
"elapsed210","4","FALSE","500",46.4089999999851
"elapsed211","4","FALSE","500",43.2600000000093
"elapsed212","4","FALSE","500",42.9709999999614
"elapsed213","4","FALSE","500",45.4170000000158
"elapsed214","4","FALSE","500",41.6070000000182
"elapsed215","4","FALSE","500",42.9830000000075
"elapsed216","4","FALSE","500",45.3640000000014
"elapsed217","4","FALSE","500",40.6460000000079
"elapsed218","4","FALSE","500",44.6669999999576
"elapsed219","4","FALSE","500",43.1089999999967
"elapsed220","4","FALSE","500",53.9200000000419
"elapsed221","4","FALSE","500",41.4090000000433
"elapsed222","4","FALSE","500",46.7149999999674
"elapsed223","4","FALSE","500",46.1300000000047
"elapsed224","4","FALSE","500",44.5320000000065
"elapsed225","4","FALSE","500",46.9120000000112
"elapsed226","4","FALSE","500",42.2249999999767
"elapsed227","4","FALSE","500",45.304999999993
"elapsed228","4","FALSE","500",44.9810000000289
"elapsed229","4","FALSE","500",46.8040000000037
"elapsed230","4","FALSE","500",42.5569999999716
"elapsed231","4","FALSE","500",48.1840000000084
"elapsed232","4","FALSE","500",45.7239999999874
"elapsed233","4","FALSE","500",46.914999999979
"elapsed234","4","FALSE","500",48.5709999999963
"elapsed235","4","FALSE","500",48.3460000000196
"elapsed236","4","FALSE","500",50.6469999999972
"elapsed237","4","FALSE","500",41.4809999999707
"elapsed238","4","FALSE","500",47.6549999999697
"elapsed239","4","FALSE","500",46.4329999999609
"elapsed240","4","FALSE","500",50.0100000000093
"elapsed241","4","FALSE","500",41.7829999999958
"elapsed242","4","FALSE","500",54.3360000000102
"elapsed243","4","FALSE","500",49.7000000000116
"elapsed244","4","FALSE","500",46.1539999999804
"elapsed245","4","FALSE","500",45.73199999996
"elapsed246","4","FALSE","500",45.6739999999991
"elapsed247","4","FALSE","500",47.0339999999851
"elapsed248","4","FALSE","500",41.4679999999935
"elapsed249","4","FALSE","500",50.1730000000098
"elapsed250","4","TRUE","100",2.18100000004051
"elapsed251","4","TRUE","100",2.27799999999115
"elapsed252","4","TRUE","100",2.75400000001537
"elapsed253","4","TRUE","100",2.48399999999674
"elapsed254","4","TRUE","100",1.9649999999674
"elapsed255","4","TRUE","100",1.91199999995297
"elapsed256","4","TRUE","100",1.88500000000931
"elapsed257","4","TRUE","100",2.03499999997439
"elapsed258","4","TRUE","100",1.70400000002701
"elapsed259","4","TRUE","100",1.87800000002608
"elapsed260","4","TRUE","100",2.00500000000466
"elapsed261","4","TRUE","100",2.08799999998882
"elapsed262","4","TRUE","100",1.8190000000177
"elapsed263","4","TRUE","100",1.79200000001583
"elapsed264","4","TRUE","100",1.83100000000559
"elapsed265","4","TRUE","100",1.69300000002841
"elapsed266","4","TRUE","100",2.20199999999022
"elapsed267","4","TRUE","100",1.83300000004238
"elapsed268","4","TRUE","100",1.875
"elapsed269","4","TRUE","100",1.87300000002142
"elapsed270","4","TRUE","100",1.96899999998277
"elapsed271","4","TRUE","100",1.78999999997905
"elapsed272","4","TRUE","100",1.74700000003213
"elapsed273","4","TRUE","100",1.89999999996508
"elapsed274","4","TRUE","100",1.99700000003213
"elapsed275","4","TRUE","100",1.75
"elapsed276","4","TRUE","100",2.30699999997159
"elapsed277","4","TRUE","100",1.8070000000298
"elapsed278","4","TRUE","100",1.69099999999162
"elapsed279","4","TRUE","100",1.65999999997439
"elapsed280","4","TRUE","100",1.82000000000698
"elapsed281","4","TRUE","100",1.73199999995995
"elapsed282","4","TRUE","100",1.74599999998463
"elapsed283","4","TRUE","100",1.82699999999022
"elapsed284","4","TRUE","100",1.84399999998277
"elapsed285","4","TRUE","100",1.74300000001676
"elapsed286","4","TRUE","100",1.79599999997299
"elapsed287","4","TRUE","100",1.81400000001304
"elapsed288","4","TRUE","100",1.62599999998929
"elapsed289","4","TRUE","100",2.01600000000326
"elapsed290","4","TRUE","100",1.6480000000447
"elapsed291","4","TRUE","100",1.82500000001164
"elapsed292","4","TRUE","100",2.3859999999986
"elapsed293","4","TRUE","100",2.01600000000326
"elapsed294","4","TRUE","100",1.79999999998836
"elapsed295","4","TRUE","100",2.0460000000312
"elapsed296","4","TRUE","100",1.84399999998277
"elapsed297","4","TRUE","100",2.04200000001583
"elapsed298","4","TRUE","100",1.96400000003632
"elapsed299","4","TRUE","100",1.86699999996927
"elapsed300","4","TRUE","150",3.98399999999674
"elapsed301","4","TRUE","150",3.69200000003912
"elapsed302","4","TRUE","150",3.66899999999441
"elapsed303","4","TRUE","150",3.44899999996414
"elapsed304","4","TRUE","150",3.89699999999721
"elapsed305","4","TRUE","150",4.27999999996973
"elapsed306","4","TRUE","150",3.46299999998882
"elapsed307","4","TRUE","150",3.82600000000093
"elapsed308","4","TRUE","150",3.57500000001164
"elapsed309","4","TRUE","150",3.30100000003586
"elapsed310","4","TRUE","150",3.72200000000885
"elapsed311","4","TRUE","150",3.63999999995576
"elapsed312","4","TRUE","150",3.83100000000559
"elapsed313","4","TRUE","150",4.28700000001118
"elapsed314","4","TRUE","150",3.4199999999837
"elapsed315","4","TRUE","150",3.42300000000978
"elapsed316","4","TRUE","150",4.26800000004005
"elapsed317","4","TRUE","150",4.3190000000177
"elapsed318","4","TRUE","150",3.39099999994505
"elapsed319","4","TRUE","150",3.69599999999627
"elapsed320","4","TRUE","150",3.35099999996601
"elapsed321","4","TRUE","150",3.73399999999674
"elapsed322","4","TRUE","150",3.52899999998044
"elapsed323","4","TRUE","150",3.86300000001211
"elapsed324","4","TRUE","150",3.34499999997206
"elapsed325","4","TRUE","150",3.71199999999953
"elapsed326","4","TRUE","150",4.25400000001537
"elapsed327","4","TRUE","150",3.59699999995064
"elapsed328","4","TRUE","150",3.58600000001024
"elapsed329","4","TRUE","150",3.90599999995902
"elapsed330","4","TRUE","150",3.59899999998743
"elapsed331","4","TRUE","150",3.8640000000014
"elapsed332","4","TRUE","150",3.47100000001956
"elapsed333","4","TRUE","150",3.48500000004424
"elapsed334","4","TRUE","150",3.84399999998277
"elapsed335","4","TRUE","150",3.74400000000605
"elapsed336","4","TRUE","150",3.40700000000652
"elapsed337","4","TRUE","150",3.66599999996834
"elapsed338","4","TRUE","150",3.48800000001211
"elapsed339","4","TRUE","150",3.52199999999721
"elapsed340","4","TRUE","150",3.66499999997905
"elapsed341","4","TRUE","150",3.62199999997392
"elapsed342","4","TRUE","150",3.36800000001676
"elapsed343","4","TRUE","150",3.64100000000326
"elapsed344","4","TRUE","150",3.54200000001583
"elapsed345","4","TRUE","150",3.55999999999767
"elapsed346","4","TRUE","150",3.46799999999348
"elapsed347","4","TRUE","150",3.67200000002049
"elapsed348","4","TRUE","150",3.61300000001211
"elapsed349","4","TRUE","150",3.34899999998743
"elapsed350","4","TRUE","200",5.98499999998603
"elapsed351","4","TRUE","200",6.24300000001676
"elapsed352","4","TRUE","200",6.0229999999865
"elapsed353","4","TRUE","200",5.93699999997625
"elapsed354","4","TRUE","200",7.02199999999721
"elapsed355","4","TRUE","200",6.27500000002328
"elapsed356","4","TRUE","200",6.67900000000373
"elapsed357","4","TRUE","200",6.65200000000186
"elapsed358","4","TRUE","200",6.03000000002794
"elapsed359","4","TRUE","200",6.06600000004983
"elapsed360","4","TRUE","200",6.94900000002235
"elapsed361","4","TRUE","200",6.23599999997532
"elapsed362","4","TRUE","200",6.07499999995343
"elapsed363","4","TRUE","200",6.40700000000652
"elapsed364","4","TRUE","200",6.21000000002095
"elapsed365","4","TRUE","200",6.03299999999581
"elapsed366","4","TRUE","200",6.02899999998044
"elapsed367","4","TRUE","200",5.96299999998882
"elapsed368","4","TRUE","200",5.86099999997532
"elapsed369","4","TRUE","200",6.16899999999441
"elapsed370","4","TRUE","200",6.84499999997206
"elapsed371","4","TRUE","200",6.84299999999348
"elapsed372","4","TRUE","200",6.11199999996461
"elapsed373","4","TRUE","200",7.22399999998743
"elapsed374","4","TRUE","200",5.71100000001024
"elapsed375","4","TRUE","200",6.25699999998324
"elapsed376","4","TRUE","200",5.93700000003446
"elapsed377","4","TRUE","200",5.95299999997951
"elapsed378","4","TRUE","200",6.43599999998696
"elapsed379","4","TRUE","200",5.96899999998277
"elapsed380","4","TRUE","200",6.4649999999674
"elapsed381","4","TRUE","200",6.55400000000373
"elapsed382","4","TRUE","200",5.84600000001956
"elapsed383","4","TRUE","200",6.85500000003958
"elapsed384","4","TRUE","200",6.3519999999553
"elapsed385","4","TRUE","200",5.87599999998929
"elapsed386","4","TRUE","200",5.7160000000149
"elapsed387","4","TRUE","200",6.23599999997532
"elapsed388","4","TRUE","200",5.83299999998417
"elapsed389","4","TRUE","200",6.10800000000745
"elapsed390","4","TRUE","200",6.28100000001723
"elapsed391","4","TRUE","200",6.50500000000466
"elapsed392","4","TRUE","200",6.39700000005541
"elapsed393","4","TRUE","200",5.9320000000298
"elapsed394","4","TRUE","200",7.23399999999674
"elapsed395","4","TRUE","200",6.43300000001909
"elapsed396","4","TRUE","200",6.21400000003632
"elapsed397","4","TRUE","200",6.82500000001164
"elapsed398","4","TRUE","200",6.28299999999581
"elapsed399","4","TRUE","200",6.26600000000326
"elapsed400","4","TRUE","300",13.7580000000307
"elapsed401","4","TRUE","300",13.6389999999665
"elapsed402","4","TRUE","300",13.4649999999674
"elapsed403","4","TRUE","300",13.6080000000075
"elapsed404","4","TRUE","300",14.6390000000247
"elapsed405","4","TRUE","300",13.6849999999977
"elapsed406","4","TRUE","300",13.8120000000345
"elapsed407","4","TRUE","300",14.2310000000289
"elapsed408","4","TRUE","300",13.9400000000023
"elapsed409","4","TRUE","300",14.0020000000368
"elapsed410","4","TRUE","300",13.935999999987
"elapsed411","4","TRUE","300",13.7660000000033
"elapsed412","4","TRUE","300",13.6270000000368
"elapsed413","4","TRUE","300",13.5929999999935
"elapsed414","4","TRUE","300",13.6080000000075
"elapsed415","4","TRUE","300",13.8939999999711
"elapsed416","4","TRUE","300",13.7220000000088
"elapsed417","4","TRUE","300",13.695000000007
"elapsed418","4","TRUE","300",13.6469999999972
"elapsed419","4","TRUE","300",13.7829999999958
"elapsed420","4","TRUE","300",13.9490000000224
"elapsed421","4","TRUE","300",13.350999999966
"elapsed422","4","TRUE","300",13.5470000000205
"elapsed423","4","TRUE","300",14.1849999999977
"elapsed424","4","TRUE","300",13.3190000000177
"elapsed425","4","TRUE","300",13.3950000000186
"elapsed426","4","TRUE","300",13.8230000000331
"elapsed427","4","TRUE","300",13.7119999999995
"elapsed428","4","TRUE","300",13.5989999999874
"elapsed429","4","TRUE","300",13.6870000000345
"elapsed430","4","TRUE","300",13.7019999999902
"elapsed431","4","TRUE","300",15.0959999999614
"elapsed432","4","TRUE","300",13.3330000000424
"elapsed433","4","TRUE","300",13.5839999999735
"elapsed434","4","TRUE","300",13.560999999987
"elapsed435","4","TRUE","300",14.2139999999781
"elapsed436","4","TRUE","300",13.7440000000061
"elapsed437","4","TRUE","300",13.9619999999995
"elapsed438","4","TRUE","300",13.564000000013
"elapsed439","4","TRUE","300",13.7280000000028
"elapsed440","4","TRUE","300",13.8159999999916
"elapsed441","4","TRUE","300",13.3999999999651
"elapsed442","4","TRUE","300",13.2519999999786
"elapsed443","4","TRUE","300",13.3559999999707
"elapsed444","4","TRUE","300",13.8360000000102
"elapsed445","4","TRUE","300",13.710000000021
"elapsed446","4","TRUE","300",13.3510000000242
"elapsed447","4","TRUE","300",14.0469999999623
"elapsed448","4","TRUE","300",13.289999999979
"elapsed449","4","TRUE","300",13.7459999999846
"elapsed450","4","TRUE","500",40.530999999959
"elapsed451","4","TRUE","500",38.5040000000154
"elapsed452","4","TRUE","500",39.6039999999921
"elapsed453","4","TRUE","500",39.8869999999879
"elapsed454","4","TRUE","500",39.2750000000233
"elapsed455","4","TRUE","500",38.7280000000028
"elapsed456","4","TRUE","500",40.195000000007
"elapsed457","4","TRUE","500",38.8239999999641
"elapsed458","4","TRUE","500",38.3759999999893
"elapsed459","4","TRUE","500",39.0810000000056
"elapsed460","4","TRUE","500",39.7950000000419
"elapsed461","4","TRUE","500",39.4280000000144
"elapsed462","4","TRUE","500",38.5659999999916
"elapsed463","4","TRUE","500",38.536999999953
"elapsed464","4","TRUE","500",38.0789999999688
"elapsed465","4","TRUE","500",38.8939999999711
"elapsed466","4","TRUE","500",40.2149999999674
"elapsed467","4","TRUE","500",39.804999999993
"elapsed468","4","TRUE","500",39.0530000000144
"elapsed469","4","TRUE","500",38.4589999999735
"elapsed470","4","TRUE","500",37.8279999999795
"elapsed471","4","TRUE","500",40.2050000000163
"elapsed472","4","TRUE","500",39.5130000000354
"elapsed473","4","TRUE","500",40.9810000000289
"elapsed474","4","TRUE","500",40.0200000000186
"elapsed475","4","TRUE","500",38.2140000000363
"elapsed476","4","TRUE","500",38.6819999999716
"elapsed477","4","TRUE","500",39.0970000000088
"elapsed478","4","TRUE","500",40.4729999999981
"elapsed479","4","TRUE","500",39.320000000007
"elapsed480","4","TRUE","500",39.2139999999781
"elapsed481","4","TRUE","500",39.7849999999744
"elapsed482","4","TRUE","500",44.4859999999753
"elapsed483","4","TRUE","500",45.0989999999874
"elapsed484","4","TRUE","500",40.0710000000545
"elapsed485","4","TRUE","500",39.3940000000293
"elapsed486","4","TRUE","500",46.2600000000093
"elapsed487","4","TRUE","500",43.4330000000191
"elapsed488","4","TRUE","500",40.3690000000061
"elapsed489","4","TRUE","500",40.8520000000135
"elapsed490","4","TRUE","500",45.8979999999865
"elapsed491","4","TRUE","500",47.9020000000019
"elapsed492","4","TRUE","500",41.8360000000102
"elapsed493","4","TRUE","500",41.1460000000079
"elapsed494","4","TRUE","500",41.411999999953
"elapsed495","4","TRUE","500",41.2589999999618
"elapsed496","4","TRUE","500",41.0160000000033
"elapsed497","4","TRUE","500",40.9810000000289
"elapsed498","4","TRUE","500",41.3460000000196
"elapsed499","4","TRUE","500",42.125
"elapsed500","5","FALSE","100",2.08799999998882
"elapsed501","5","FALSE","100",2.24000000004889
"elapsed502","5","FALSE","100",2.93799999996554
"elapsed503","5","FALSE","100",2.3300000000163
"elapsed504","5","FALSE","100",2.05699999997159
"elapsed505","5","FALSE","100",2.0449999999837
"elapsed506","5","FALSE","100",2.00099999998929
"elapsed507","5","FALSE","100",1.85100000002421
"elapsed508","5","FALSE","100",1.74599999998463
"elapsed509","5","FALSE","100",2.10700000001816
"elapsed510","5","FALSE","100",2.36300000001211
"elapsed511","5","FALSE","100",1.78400000004331
"elapsed512","5","FALSE","100",1.88800000003539
"elapsed513","5","FALSE","100",2.02399999997579
"elapsed514","5","FALSE","100",2.01000000000931
"elapsed515","5","FALSE","100",1.99699999997392
"elapsed516","5","FALSE","100",1.90000000002328
"elapsed517","5","FALSE","100",1.90400000003865
"elapsed518","5","FALSE","100",2.02100000000792
"elapsed519","5","FALSE","100",2.01899999997113
"elapsed520","5","FALSE","100",1.89600000000792
"elapsed521","5","FALSE","100",1.78899999998976
"elapsed522","5","FALSE","100",1.64600000000792
"elapsed523","5","FALSE","100",1.93199999997159
"elapsed524","5","FALSE","100",1.85900000005495
"elapsed525","5","FALSE","100",2.0460000000312
"elapsed526","5","FALSE","100",1.89600000000792
"elapsed527","5","FALSE","100",1.92699999996694
"elapsed528","5","FALSE","100",1.77899999998044
"elapsed529","5","FALSE","100",2.0910000000149
"elapsed530","5","FALSE","100",1.73999999999069
"elapsed531","5","FALSE","100",1.9440000000177
"elapsed532","5","FALSE","100",1.81400000001304
"elapsed533","5","FALSE","100",1.78299999999581
"elapsed534","5","FALSE","100",1.82099999999627
"elapsed535","5","FALSE","100",1.83899999997811
"elapsed536","5","FALSE","100",1.79599999997299
"elapsed537","5","FALSE","100",1.76400000002468
"elapsed538","5","FALSE","100",1.92700000002515
"elapsed539","5","FALSE","100",1.88000000000466
"elapsed540","5","FALSE","100",1.89600000000792
"elapsed541","5","FALSE","100",1.95199999999022
"elapsed542","5","FALSE","100",2.13199999998324
"elapsed543","5","FALSE","100",1.77999999996973
"elapsed544","5","FALSE","100",1.70100000000093
"elapsed545","5","FALSE","100",1.81599999999162
"elapsed546","5","FALSE","100",1.83600000001024
"elapsed547","5","FALSE","100",1.7620000000461
"elapsed548","5","FALSE","100",2.12300000002142
"elapsed549","5","FALSE","100",1.99300000001676
"elapsed550","5","FALSE","150",4.38000000000466
"elapsed551","5","FALSE","150",4.31200000003446
"elapsed552","5","FALSE","150",4.04800000000978
"elapsed553","5","FALSE","150",4.57299999997485
"elapsed554","5","FALSE","150",4.21899999998277
"elapsed555","5","FALSE","150",3.73399999999674
"elapsed556","5","FALSE","150",4.04200000001583
"elapsed557","5","FALSE","150",4.27100000000792
"elapsed558","5","FALSE","150",4.90300000004936
"elapsed559","5","FALSE","150",4.12100000004284
"elapsed560","5","FALSE","150",4.62400000001071
"elapsed561","5","FALSE","150",4.01600000000326
"elapsed562","5","FALSE","150",4.13799999997718
"elapsed563","5","FALSE","150",4.26799999998184
"elapsed564","5","FALSE","150",4.13999999995576
"elapsed565","5","FALSE","150",4.44599999999627
"elapsed566","5","FALSE","150",3.89199999999255
"elapsed567","5","FALSE","150",3.99299999995856
"elapsed568","5","FALSE","150",4.30900000000838
"elapsed569","5","FALSE","150",4.27100000000792
"elapsed570","5","FALSE","150",4.04300000000512
"elapsed571","5","FALSE","150",3.98500000004424
"elapsed572","5","FALSE","150",4.01399999996647
"elapsed573","5","FALSE","150",3.8190000000177
"elapsed574","5","FALSE","150",4.12800000002608
"elapsed575","5","FALSE","150",4.30099999997765
"elapsed576","5","FALSE","150",3.87100000004284
"elapsed577","5","FALSE","150",3.94099999999162
"elapsed578","5","FALSE","150",3.93499999999767
"elapsed579","5","FALSE","150",5.13199999998324
"elapsed580","5","FALSE","150",4.45199999999022
"elapsed581","5","FALSE","150",4.3190000000177
"elapsed582","5","FALSE","150",3.89699999999721
"elapsed583","5","FALSE","150",3.99700000003213
"elapsed584","5","FALSE","150",3.79800000000978
"elapsed585","5","FALSE","150",3.99100000003818
"elapsed586","5","FALSE","150",4.09700000000885
"elapsed587","5","FALSE","150",3.71799999999348
"elapsed588","5","FALSE","150",4.00300000002608
"elapsed589","5","FALSE","150",3.63400000002002
"elapsed590","5","FALSE","150",5.2730000000447
"elapsed591","5","FALSE","150",3.97800000000279
"elapsed592","5","FALSE","150",4.34299999999348
"elapsed593","5","FALSE","150",4.46100000001024
"elapsed594","5","FALSE","150",4.36200000002282
"elapsed595","5","FALSE","150",5.20599999994738
"elapsed596","5","FALSE","150",4.14299999998184
"elapsed597","5","FALSE","150",3.88200000004144
"elapsed598","5","FALSE","150",4.02999999996973
"elapsed599","5","FALSE","150",3.99499999999534
"elapsed600","5","FALSE","200",7.73300000000745
"elapsed601","5","FALSE","200",7.20499999995809
"elapsed602","5","FALSE","200",8.27000000001863
"elapsed603","5","FALSE","200",7.85499999998137
"elapsed604","5","FALSE","200",7.37400000001071
"elapsed605","5","FALSE","200",7.84799999999814
"elapsed606","5","FALSE","200",7.88000000000466
"elapsed607","5","FALSE","200",7.33299999998417
"elapsed608","5","FALSE","200",6.73800000001211
"elapsed609","5","FALSE","200",6.79999999998836
"elapsed610","5","FALSE","200",7.43499999999767
"elapsed611","5","FALSE","200",8.02700000000186
"elapsed612","5","FALSE","200",6.54399999999441
"elapsed613","5","FALSE","200",7.14100000000326
"elapsed614","5","FALSE","200",6.6140000000014
"elapsed615","5","FALSE","200",6.90200000000186
"elapsed616","5","FALSE","200",8.28700000001118
"elapsed617","5","FALSE","200",7.00299999996787
"elapsed618","5","FALSE","200",6.72100000001956
"elapsed619","5","FALSE","200",7.56199999997625
"elapsed620","5","FALSE","200",6.81800000002841
"elapsed621","5","FALSE","200",7.34700000000885
"elapsed622","5","FALSE","200",6.54899999999907
"elapsed623","5","FALSE","200",6.82500000001164
"elapsed624","5","FALSE","200",6.90500000002794
"elapsed625","5","FALSE","200",7.36300000001211
"elapsed626","5","FALSE","200",7.42900000000373
"elapsed627","5","FALSE","200",6.71700000000419
"elapsed628","5","FALSE","200",7.22899999999208
"elapsed629","5","FALSE","200",7.09799999999814
"elapsed630","5","FALSE","200",6.89400000002934
"elapsed631","5","FALSE","200",6.86499999999069
"elapsed632","5","FALSE","200",6.77500000002328
"elapsed633","5","FALSE","200",7.35100000002421
"elapsed634","5","FALSE","200",7.01999999996042
"elapsed635","5","FALSE","200",6.85099999996601
"elapsed636","5","FALSE","200",7.01799999998184
"elapsed637","5","FALSE","200",6.57000000000698
"elapsed638","5","FALSE","200",6.72299999999814
"elapsed639","5","FALSE","200",6.81300000002375
"elapsed640","5","FALSE","200",8.2390000000014
"elapsed641","5","FALSE","200",7.67600000003586
"elapsed642","5","FALSE","200",7.88400000002002
"elapsed643","5","FALSE","200",7.10499999998137
"elapsed644","5","FALSE","200",6.7160000000149
"elapsed645","5","FALSE","200",6.27900000003865
"elapsed646","5","FALSE","200",7.69500000000698
"elapsed647","5","FALSE","200",6.69900000002235
"elapsed648","5","FALSE","200",7.22399999998743
"elapsed649","5","FALSE","200",7.27500000002328
"elapsed650","5","FALSE","300",16.7280000000028
"elapsed651","5","FALSE","300",17.2760000000126
"elapsed652","5","FALSE","300",16.3379999999888
"elapsed653","5","FALSE","300",15.039000000048
"elapsed654","5","FALSE","300",15.5909999999567
"elapsed655","5","FALSE","300",15.7360000000335
"elapsed656","5","FALSE","300",16.1579999999958
"elapsed657","5","FALSE","300",15.560999999987
"elapsed658","5","FALSE","300",17.2150000000256
"elapsed659","5","FALSE","300",16.3809999999939
"elapsed660","5","FALSE","300",16.2679999999818
"elapsed661","5","FALSE","300",15.1759999999776
"elapsed662","5","FALSE","300",15.2209999999614
"elapsed663","5","FALSE","300",15.8150000000023
"elapsed664","5","FALSE","300",16.8269999999902
"elapsed665","5","FALSE","300",17.2019999999902
"elapsed666","5","FALSE","300",17.0320000000065
"elapsed667","5","FALSE","300",15.530999999959
"elapsed668","5","FALSE","300",15.0670000000391
"elapsed669","5","FALSE","300",16.5389999999898
"elapsed670","5","FALSE","300",15.4739999999874
"elapsed671","5","FALSE","300",14.8769999999786
"elapsed672","5","FALSE","300",16.4650000000256
"elapsed673","5","FALSE","300",15.6869999999763
"elapsed674","5","FALSE","300",16.1969999999856
"elapsed675","5","FALSE","300",16.2900000000373
"elapsed676","5","FALSE","300",15.4639999999781
"elapsed677","5","FALSE","300",15.1000000000349
"elapsed678","5","FALSE","300",16.3630000000121
"elapsed679","5","FALSE","300",15.2089999999735
"elapsed680","5","FALSE","300",16.8130000000237
"elapsed681","5","FALSE","300",15.4700000000303
"elapsed682","5","FALSE","300",15.7840000000433
"elapsed683","5","FALSE","300",15.9549999999581
"elapsed684","5","FALSE","300",15.9029999999912
"elapsed685","5","FALSE","300",15.3260000000009
"elapsed686","5","FALSE","300",15.1969999999856
"elapsed687","5","FALSE","300",15.4979999999632
"elapsed688","5","FALSE","300",15.6359999999986
"elapsed689","5","FALSE","300",15.4589999999735
"elapsed690","5","FALSE","300",18.1240000000107
"elapsed691","5","FALSE","300",15.0550000000512
"elapsed692","5","FALSE","300",15.2750000000233
"elapsed693","5","FALSE","300",16.8059999999823
"elapsed694","5","FALSE","300",15.5089999999618
"elapsed695","5","FALSE","300",15.2530000000261
"elapsed696","5","FALSE","300",15.1279999999679
"elapsed697","5","FALSE","300",15.5879999999888
"elapsed698","5","FALSE","300",15.2179999999935
"elapsed699","5","FALSE","300",15.1060000000289
"elapsed700","5","FALSE","500",48.6419999999925
"elapsed701","5","FALSE","500",46.7490000000107
"elapsed702","5","FALSE","500",46.6520000000019
"elapsed703","5","FALSE","500",42.9919999999693
"elapsed704","5","FALSE","500",44.4349999999977
"elapsed705","5","FALSE","500",43.9990000000107
"elapsed706","5","FALSE","500",45.7660000000033
"elapsed707","5","FALSE","500",43.0310000000172
"elapsed708","5","FALSE","500",52.3919999999925
"elapsed709","5","FALSE","500",45.9830000000075
"elapsed710","5","FALSE","500",45.3770000000368
"elapsed711","5","FALSE","500",43.7210000000196
"elapsed712","5","FALSE","500",42.5370000000112
"elapsed713","5","FALSE","500",49.1229999999632
"elapsed714","5","FALSE","500",40.9980000000214
"elapsed715","5","FALSE","500",52.3240000000224
"elapsed716","5","FALSE","500",44.2270000000135
"elapsed717","5","FALSE","500",47.5059999999939
"elapsed718","5","FALSE","500",42.1089999999967
"elapsed719","5","FALSE","500",48.8250000000116
"elapsed720","5","FALSE","500",45.1459999999497
"elapsed721","5","FALSE","500",42.4969999999739
"elapsed722","5","FALSE","500",46.125
"elapsed723","5","FALSE","500",45.3020000000251
"elapsed724","5","FALSE","500",47.7110000000102
"elapsed725","5","FALSE","500",42.3710000000428
"elapsed726","5","FALSE","500",46.9020000000019
"elapsed727","5","FALSE","500",42.8759999999893
"elapsed728","5","FALSE","500",45.0129999999772
"elapsed729","5","FALSE","500",43.5610000000452
"elapsed730","5","FALSE","500",45.6369999999879
"elapsed731","5","FALSE","500",45.4130000000005
"elapsed732","5","FALSE","500",42.0119999999879
"elapsed733","5","FALSE","500",44.2539999999572
"elapsed734","5","FALSE","500",40.179999999993
"elapsed735","5","FALSE","500",43.5680000000284
"elapsed736","5","FALSE","500",43.5350000000326
"elapsed737","5","FALSE","500",43.1180000000168
"elapsed738","5","FALSE","500",39.2139999999781
"elapsed739","5","FALSE","500",42.1080000000075
"elapsed740","5","FALSE","500",44.1680000000051
"elapsed741","5","FALSE","500",41.7110000000102
"elapsed742","5","FALSE","500",41.9469999999856
"elapsed743","5","FALSE","500",45.4109999999637
"elapsed744","5","FALSE","500",52.4370000000345
"elapsed745","5","FALSE","500",43.6070000000182
"elapsed746","5","FALSE","500",41.3779999999679
"elapsed747","5","FALSE","500",45.3680000000168
"elapsed748","5","FALSE","500",42.1759999999776
"elapsed749","5","FALSE","500",42.2889999999898
"elapsed750","5","TRUE","100",2.27000000001863
"elapsed751","5","TRUE","100",2.04599999997299
"elapsed752","5","TRUE","100",2.13799999997718
"elapsed753","5","TRUE","100",1.99000000004889
"elapsed754","5","TRUE","100",2.05100000003586
"elapsed755","5","TRUE","100",2.32099999999627
"elapsed756","5","TRUE","100",1.9309999999823
"elapsed757","5","TRUE","100",2.21399999997811
"elapsed758","5","TRUE","100",2.19000000000233
"elapsed759","5","TRUE","100",1.88899999996647
"elapsed760","5","TRUE","100",1.94599999999627
"elapsed761","5","TRUE","100",2.07600000000093
"elapsed762","5","TRUE","100",1.88699999998789
"elapsed763","5","TRUE","100",2.20699999999488
"elapsed764","5","TRUE","100",1.96199999999953
"elapsed765","5","TRUE","100",2.09000000002561
"elapsed766","5","TRUE","100",2.16200000001118
"elapsed767","5","TRUE","100",1.90200000000186
"elapsed768","5","TRUE","100",1.73700000002282
"elapsed769","5","TRUE","100",2.0559999999823
"elapsed770","5","TRUE","100",1.8640000000014
"elapsed771","5","TRUE","100",1.97600000002421
"elapsed772","5","TRUE","100",2
"elapsed773","5","TRUE","100",1.90299999999115
"elapsed774","5","TRUE","100",1.91800000000512
"elapsed775","5","TRUE","100",1.99699999997392
"elapsed776","5","TRUE","100",1.82000000000698
"elapsed777","5","TRUE","100",2.09600000001956
"elapsed778","5","TRUE","100",1.98800000001211
"elapsed779","5","TRUE","100",1.86699999996927
"elapsed780","5","TRUE","100",1.85100000002421
"elapsed781","5","TRUE","100",2.16100000002189
"elapsed782","5","TRUE","100",1.94899999996414
"elapsed783","5","TRUE","100",1.85899999999674
"elapsed784","5","TRUE","100",1.81099999998696
"elapsed785","5","TRUE","100",1.95000000001164
"elapsed786","5","TRUE","100",1.85999999998603
"elapsed787","5","TRUE","100",1.90599999995902
"elapsed788","5","TRUE","100",1.72899999999208
"elapsed789","5","TRUE","100",1.81200000003446
"elapsed790","5","TRUE","100",1.79399999999441
"elapsed791","5","TRUE","100",1.92800000001444
"elapsed792","5","TRUE","100",1.85999999998603
"elapsed793","5","TRUE","100",1.79599999997299
"elapsed794","5","TRUE","100",1.9660000000149
"elapsed795","5","TRUE","100",2.56400000001304
"elapsed796","5","TRUE","100",2.46299999998882
"elapsed797","5","TRUE","100",1.90799999999581
"elapsed798","5","TRUE","100",1.8190000000177
"elapsed799","5","TRUE","100",1.92700000002515
"elapsed800","5","TRUE","150",4.37200000003213
"elapsed801","5","TRUE","150",4.15200000000186
"elapsed802","5","TRUE","150",4.0350000000326
"elapsed803","5","TRUE","150",3.97899999999208
"elapsed804","5","TRUE","150",4.30000000004657
"elapsed805","5","TRUE","150",3.99099999997998
"elapsed806","5","TRUE","150",3.82699999999022
"elapsed807","5","TRUE","150",4.01399999996647
"elapsed808","5","TRUE","150",3.90399999998044
"elapsed809","5","TRUE","150",3.88500000000931
"elapsed810","5","TRUE","150",4.08299999998417
"elapsed811","5","TRUE","150",4.41600000002654
"elapsed812","5","TRUE","150",4.81600000004983
"elapsed813","5","TRUE","150",4.07799999997951
"elapsed814","5","TRUE","150",4.19999999995343
"elapsed815","5","TRUE","150",3.91200000001118
"elapsed816","5","TRUE","150",4.05800000001909
"elapsed817","5","TRUE","150",4.19499999994878
"elapsed818","5","TRUE","150",3.80900000000838
"elapsed819","5","TRUE","150",3.94699999998556
"elapsed820","5","TRUE","150",3.78999999997905
"elapsed821","5","TRUE","150",4.22299999999814
"elapsed822","5","TRUE","150",3.91700000001583
"elapsed823","5","TRUE","150",4.46199999999953
"elapsed824","5","TRUE","150",3.88299999997253
"elapsed825","5","TRUE","150",3.70600000000559
"elapsed826","5","TRUE","150",3.95799999998417
"elapsed827","5","TRUE","150",4.06599999999162
"elapsed828","5","TRUE","150",3.84200000000419
"elapsed829","5","TRUE","150",4.07300000003306
"elapsed830","5","TRUE","150",3.99099999997998
"elapsed831","5","TRUE","150",4.17099999997299
"elapsed832","5","TRUE","150",4.01699999999255
"elapsed833","5","TRUE","150",3.98400000005495
"elapsed834","5","TRUE","150",4.70100000000093
"elapsed835","5","TRUE","150",3.86900000000605
"elapsed836","5","TRUE","150",3.9309999999823
"elapsed837","5","TRUE","150",3.76999999996042
"elapsed838","5","TRUE","150",3.85099999996601
"elapsed839","5","TRUE","150",3.94699999998556
"elapsed840","5","TRUE","150",3.80300000001444
"elapsed841","5","TRUE","150",3.9199999999837
"elapsed842","5","TRUE","150",4.16399999998976
"elapsed843","5","TRUE","150",3.94900000002235
"elapsed844","5","TRUE","150",3.89400000002934
"elapsed845","5","TRUE","150",3.91399999998976
"elapsed846","5","TRUE","150",3.79000000003725
"elapsed847","5","TRUE","150",4.04100000002654
"elapsed848","5","TRUE","150",4.00199999997858
"elapsed849","5","TRUE","150",3.94800000003306
"elapsed850","5","TRUE","200",6.6820000000298
"elapsed851","5","TRUE","200",7.19699999998556
"elapsed852","5","TRUE","200",6.36900000000605
"elapsed853","5","TRUE","200",7.01000000000931
"elapsed854","5","TRUE","200",6.78100000001723
"elapsed855","5","TRUE","200",7.56400000001304
"elapsed856","5","TRUE","200",7.11300000001211
"elapsed857","5","TRUE","200",6.55499999999302
"elapsed858","5","TRUE","200",6.49099999997998
"elapsed859","5","TRUE","200",6.63099999999395
"elapsed860","5","TRUE","200",6.79800000000978
"elapsed861","5","TRUE","200",6.71799999999348
"elapsed862","5","TRUE","200",6.47599999996601
"elapsed863","5","TRUE","200",6.79999999998836
"elapsed864","5","TRUE","200",6.5
"elapsed865","5","TRUE","200",6.46299999998882
"elapsed866","5","TRUE","200",7.4649999999674
"elapsed867","5","TRUE","200",6.30400000000373
"elapsed868","5","TRUE","200",6.8399999999674
"elapsed869","5","TRUE","200",6.76500000001397
"elapsed870","5","TRUE","200",6.61699999996927
"elapsed871","5","TRUE","200",6.94300000002841
"elapsed872","5","TRUE","200",7.01399999996647
"elapsed873","5","TRUE","200",7.26300000003539
"elapsed874","5","TRUE","200",6.76799999998184
"elapsed875","5","TRUE","200",6.83299999998417
"elapsed876","5","TRUE","200",6.72299999999814
"elapsed877","5","TRUE","200",6.67900000000373
"elapsed878","5","TRUE","200",6.09699999995064
"elapsed879","5","TRUE","200",6.91400000004796
"elapsed880","5","TRUE","200",6.86200000002282
"elapsed881","5","TRUE","200",7.02600000001257
"elapsed882","5","TRUE","200",6.51600000000326
"elapsed883","5","TRUE","200",6.34600000001956
"elapsed884","5","TRUE","200",6.52799999999115
"elapsed885","5","TRUE","200",6.82299999997485
"elapsed886","5","TRUE","200",6.74900000001071
"elapsed887","5","TRUE","200",6.25199999997858
"elapsed888","5","TRUE","200",6.24700000003213
"elapsed889","5","TRUE","200",6.48700000002282
"elapsed890","5","TRUE","200",7.15999999997439
"elapsed891","5","TRUE","200",6.54700000002049
"elapsed892","5","TRUE","200",6.59899999998743
"elapsed893","5","TRUE","200",6.31100000004517
"elapsed894","5","TRUE","200",7.04299999994691
"elapsed895","5","TRUE","200",6.25500000000466
"elapsed896","5","TRUE","200",6.45900000003166
"elapsed897","5","TRUE","200",6.8859999999986
"elapsed898","5","TRUE","200",6.49199999996927
"elapsed899","5","TRUE","200",6.5339999999851
"elapsed900","5","TRUE","300",14.0929999999935
"elapsed901","5","TRUE","300",14.0740000000224
"elapsed902","5","TRUE","300",13.4469999999856
"elapsed903","5","TRUE","300",13.9020000000019
"elapsed904","5","TRUE","300",14.9649999999674
"elapsed905","5","TRUE","300",14.1319999999832
"elapsed906","5","TRUE","300",13.2689999999711
"elapsed907","5","TRUE","300",13.9640000000363
"elapsed908","5","TRUE","300",13.6319999999832
"elapsed909","5","TRUE","300",13.63400000002
"elapsed910","5","TRUE","300",15.3170000000391
"elapsed911","5","TRUE","300",13.99099999998
"elapsed912","5","TRUE","300",13.5300000000279
"elapsed913","5","TRUE","300",14.0920000000042
"elapsed914","5","TRUE","300",14.4870000000228
"elapsed915","5","TRUE","300",13.5200000000186
"elapsed916","5","TRUE","300",14.195000000007
"elapsed917","5","TRUE","300",13.4199999999837
"elapsed918","5","TRUE","300",13.8740000000107
"elapsed919","5","TRUE","300",14.6730000000098
"elapsed920","5","TRUE","300",13.4400000000023
"elapsed921","5","TRUE","300",13.2440000000061
"elapsed922","5","TRUE","300",14.1539999999804
"elapsed923","5","TRUE","300",14.8459999999614
"elapsed924","5","TRUE","300",14.5100000000093
"elapsed925","5","TRUE","300",13.1169999999693
"elapsed926","5","TRUE","300",13.1100000000442
"elapsed927","5","TRUE","300",13.8720000000321
"elapsed928","5","TRUE","300",13.6610000000219
"elapsed929","5","TRUE","300",13.8620000000228
"elapsed930","5","TRUE","300",14.1080000000075
"elapsed931","5","TRUE","300",14.7269999999553
"elapsed932","5","TRUE","300",13.7200000000303
"elapsed933","5","TRUE","300",14.7170000000042
"elapsed934","5","TRUE","300",14.7189999999828
"elapsed935","5","TRUE","300",14.3069999999716
"elapsed936","5","TRUE","300",13.1369999999879
"elapsed937","5","TRUE","300",14.2799999999697
"elapsed938","5","TRUE","300",14.411999999953
"elapsed939","5","TRUE","300",13.329000000027
"elapsed940","5","TRUE","300",13.9409999999916
"elapsed941","5","TRUE","300",13.2079999999842
"elapsed942","5","TRUE","300",14.6920000000391
"elapsed943","5","TRUE","300",13.5740000000224
"elapsed944","5","TRUE","300",13.4510000000009
"elapsed945","5","TRUE","300",13.0769999999902
"elapsed946","5","TRUE","300",14.109999999986
"elapsed947","5","TRUE","300",15.4709999999614
"elapsed948","5","TRUE","300",12.8819999999832
"elapsed949","5","TRUE","300",14.00900000002
"elapsed950","5","TRUE","500",37.9629999999888
"elapsed951","5","TRUE","500",40.1080000000075
"elapsed952","5","TRUE","500",36.8830000000307
"elapsed953","5","TRUE","500",37.2630000000354
"elapsed954","5","TRUE","500",38.4260000000359
"elapsed955","5","TRUE","500",37.8709999999846
"elapsed956","5","TRUE","500",37.570000000007
"elapsed957","5","TRUE","500",37.4959999999846
"elapsed958","5","TRUE","500",37.3859999999986
"elapsed959","5","TRUE","500",37.2489999999525
"elapsed960","5","TRUE","500",38.1730000000098
"elapsed961","5","TRUE","500",37.9820000000182
"elapsed962","5","TRUE","500",37.3699999999953
"elapsed963","5","TRUE","500",37.6379999999772
"elapsed964","5","TRUE","500",38.1999999999534
"elapsed965","5","TRUE","500",37.8609999999753
"elapsed966","5","TRUE","500",39.3979999999865
"elapsed967","5","TRUE","500",37.7619999999879
"elapsed968","5","TRUE","500",38.8540000000503
"elapsed969","5","TRUE","500",37.3090000000084
"elapsed970","5","TRUE","500",39.2649999999558
"elapsed971","5","TRUE","500",37.1849999999977
"elapsed972","5","TRUE","500",37.3449999999721
"elapsed973","5","TRUE","500",39.6780000000144
"elapsed974","5","TRUE","500",36.5970000000088
"elapsed975","5","TRUE","500",36.7850000000326
"elapsed976","5","TRUE","500",37.4270000000251
"elapsed977","5","TRUE","500",37.4049999999697
"elapsed978","5","TRUE","500",36.6739999999991
"elapsed979","5","TRUE","500",38.1219999999739
"elapsed980","5","TRUE","500",38.429999999993
"elapsed981","5","TRUE","500",37.5819999999949
"elapsed982","5","TRUE","500",38.3390000000363
"elapsed983","5","TRUE","500",38.5169999999925
"elapsed984","5","TRUE","500",36.9510000000009
"elapsed985","5","TRUE","500",38.6019999999553
"elapsed986","5","TRUE","500",36.5829999999842
"elapsed987","5","TRUE","500",37.0509999999776
"elapsed988","5","TRUE","500",37.6379999999772
"elapsed989","5","TRUE","500",38.7770000000019
"elapsed990","5","TRUE","500",38.4310000000405
"elapsed991","5","TRUE","500",38.1549999999697
"elapsed992","5","TRUE","500",37.9290000000037
"elapsed993","5","TRUE","500",37.1149999999907
"elapsed994","5","TRUE","500",38.8460000000196
"elapsed995","5","TRUE","500",40.5949999999721
"elapsed996","5","TRUE","500",39.3310000000056
"elapsed997","5","TRUE","500",38.7989999999991
"elapsed998","5","TRUE","500",38.4089999999851
"elapsed999","5","TRUE","500",39.9049999999697
"elapsed1000","6","FALSE","100",2.0570000000298
"elapsed1001","6","FALSE","100",1.9089999999851
"elapsed1002","6","FALSE","100",1.89400000002934
"elapsed1003","6","FALSE","100",1.91200000001118
"elapsed1004","6","FALSE","100",1.82600000000093
"elapsed1005","6","FALSE","100",1.79599999997299
"elapsed1006","6","FALSE","100",1.86000000004424
"elapsed1007","6","FALSE","100",1.6929999999702
"elapsed1008","6","FALSE","100",1.9429999999702
"elapsed1009","6","FALSE","100",1.77500000002328
"elapsed1010","6","FALSE","100",1.79399999999441
"elapsed1011","6","FALSE","100",1.99199999996927
"elapsed1012","6","FALSE","100",1.87199999997392
"elapsed1013","6","FALSE","100",1.8399999999674
"elapsed1014","6","FALSE","100",1.85000000003492
"elapsed1015","6","FALSE","100",1.97499999997672
"elapsed1016","6","FALSE","100",1.95799999998417
"elapsed1017","6","FALSE","100",2.28299999999581
"elapsed1018","6","FALSE","100",1.90799999999581
"elapsed1019","6","FALSE","100",1.59899999998743
"elapsed1020","6","FALSE","100",1.90499999996973
"elapsed1021","6","FALSE","100",1.98800000001211
"elapsed1022","6","FALSE","100",1.95899999997346
"elapsed1023","6","FALSE","100",1.80200000002515
"elapsed1024","6","FALSE","100",1.85399999999208
"elapsed1025","6","FALSE","100",1.90200000000186
"elapsed1026","6","FALSE","100",1.76699999999255
"elapsed1027","6","FALSE","100",1.79599999997299
"elapsed1028","6","FALSE","100",2.09600000001956
"elapsed1029","6","FALSE","100",1.82600000000093
"elapsed1030","6","FALSE","100",1.96899999998277
"elapsed1031","6","FALSE","100",1.93100000004051
"elapsed1032","6","FALSE","100",2.05999999999767
"elapsed1033","6","FALSE","100",1.80099999997765
"elapsed1034","6","FALSE","100",1.81700000003912
"elapsed1035","6","FALSE","100",1.97100000001956
"elapsed1036","6","FALSE","100",1.83500000002095
"elapsed1037","6","FALSE","100",1.79300000000512
"elapsed1038","6","FALSE","100",1.77400000003399
"elapsed1039","6","FALSE","100",1.94500000000698
"elapsed1040","6","FALSE","100",1.8399999999674
"elapsed1041","6","FALSE","100",1.9100000000326
"elapsed1042","6","FALSE","100",1.69000000000233
"elapsed1043","6","FALSE","100",1.74599999998463
"elapsed1044","6","FALSE","100",1.71000000002095
"elapsed1045","6","FALSE","100",1.92399999999907
"elapsed1046","6","FALSE","100",2.38099999999395
"elapsed1047","6","FALSE","100",1.8190000000177
"elapsed1048","6","FALSE","100",1.84300000005169
"elapsed1049","6","FALSE","100",1.74399999994785
"elapsed1050","6","FALSE","150",4.23200000001816
"elapsed1051","6","FALSE","150",4.04899999999907
"elapsed1052","6","FALSE","150",4.08900000003632
"elapsed1053","6","FALSE","150",4.19800000003306
"elapsed1054","6","FALSE","150",4.31899999995949
"elapsed1055","6","FALSE","150",4.5339999999851
"elapsed1056","6","FALSE","150",4.00500000000466
"elapsed1057","6","FALSE","150",3.97599999996601
"elapsed1058","6","FALSE","150",4.20800000004238
"elapsed1059","6","FALSE","150",4.22399999998743
"elapsed1060","6","FALSE","150",4.28800000000047
"elapsed1061","6","FALSE","150",3.84499999997206
"elapsed1062","6","FALSE","150",4.04999999998836
"elapsed1063","6","FALSE","150",4.20199999999022
"elapsed1064","6","FALSE","150",3.59299999999348
"elapsed1065","6","FALSE","150",3.92599999997765
"elapsed1066","6","FALSE","150",3.98600000003353
"elapsed1067","6","FALSE","150",5.00499999994645
"elapsed1068","6","FALSE","150",4.2839999999851
"elapsed1069","6","FALSE","150",3.74100000003818
"elapsed1070","6","FALSE","150",4.13899999996647
"elapsed1071","6","FALSE","150",4.1359999999986
"elapsed1072","6","FALSE","150",4.73699999996461
"elapsed1073","6","FALSE","150",4.10500000003958
"elapsed1074","6","FALSE","150",4.21899999998277
"elapsed1075","6","FALSE","150",4.2390000000014
"elapsed1076","6","FALSE","150",3.84600000001956
"elapsed1077","6","FALSE","150",4.05799999996088
"elapsed1078","6","FALSE","150",4.12099999998463
"elapsed1079","6","FALSE","150",3.93499999999767
"elapsed1080","6","FALSE","150",4.1710000000312
"elapsed1081","6","FALSE","150",4.46000000002095
"elapsed1082","6","FALSE","150",3.98699999996461
"elapsed1083","6","FALSE","150",4.1479999999865
"elapsed1084","6","FALSE","150",3.75400000001537
"elapsed1085","6","FALSE","150",3.73399999999674
"elapsed1086","6","FALSE","150",4.05800000001909
"elapsed1087","6","FALSE","150",4.85100000002421
"elapsed1088","6","FALSE","150",4.08599999995204
"elapsed1089","6","FALSE","150",4.33100000000559
"elapsed1090","6","FALSE","150",4.19000000000233
"elapsed1091","6","FALSE","150",4.14500000001863
"elapsed1092","6","FALSE","150",3.7960000000312
"elapsed1093","6","FALSE","150",4.14399999997113
"elapsed1094","6","FALSE","150",3.76500000001397
"elapsed1095","6","FALSE","150",4.18499999999767
"elapsed1096","6","FALSE","150",4.21000000002095
"elapsed1097","6","FALSE","150",4.16399999998976
"elapsed1098","6","FALSE","150",4.24700000003213
"elapsed1099","6","FALSE","150",4.07799999997951
"elapsed1100","6","FALSE","200",6.89499999996042
"elapsed1101","6","FALSE","200",6.99400000000605
"elapsed1102","6","FALSE","200",7.28499999997439
"elapsed1103","6","FALSE","200",7.42799999995623
"elapsed1104","6","FALSE","200",7.0910000000149
"elapsed1105","6","FALSE","200",7.18199999997159
"elapsed1106","6","FALSE","200",6.83200000005309
"elapsed1107","6","FALSE","200",7.0679999999702
"elapsed1108","6","FALSE","200",6.96000000002095
"elapsed1109","6","FALSE","200",7.17899999994552
"elapsed1110","6","FALSE","200",6.42900000000373
"elapsed1111","6","FALSE","200",7.10899999999674
"elapsed1112","6","FALSE","200",7.59499999997206
"elapsed1113","6","FALSE","200",7.28100000001723
"elapsed1114","6","FALSE","200",6.6699999999837
"elapsed1115","6","FALSE","200",6.79200000001583
"elapsed1116","6","FALSE","200",7.31199999997625
"elapsed1117","6","FALSE","200",7.6020000000135
"elapsed1118","6","FALSE","200",7.72899999999208
"elapsed1119","6","FALSE","200",7.06699999998091
"elapsed1120","6","FALSE","200",6.82500000001164
"elapsed1121","6","FALSE","200",6.85999999998603
"elapsed1122","6","FALSE","200",6.98999999999069
"elapsed1123","6","FALSE","200",6.72399999998743
"elapsed1124","6","FALSE","200",7.30299999995623
"elapsed1125","6","FALSE","200",6.90500000002794
"elapsed1126","6","FALSE","200",6.57399999996414
"elapsed1127","6","FALSE","200",7.0910000000149
"elapsed1128","6","FALSE","200",6.82500000001164
"elapsed1129","6","FALSE","200",7.15000000002328
"elapsed1130","6","FALSE","200",6.55699999997159
"elapsed1131","6","FALSE","200",6.52000000001863
"elapsed1132","6","FALSE","200",7.74300000001676
"elapsed1133","6","FALSE","200",7.69099999999162
"elapsed1134","6","FALSE","200",6.61900000000605
"elapsed1135","6","FALSE","200",6.64699999999721
"elapsed1136","6","FALSE","200",7.00899999996182
"elapsed1137","6","FALSE","200",7.19500000000698
"elapsed1138","6","FALSE","200",6.47299999999814
"elapsed1139","6","FALSE","200",7.36700000002747
"elapsed1140","6","FALSE","200",6.88099999999395
"elapsed1141","6","FALSE","200",7.49500000005355
"elapsed1142","6","FALSE","200",6.21999999997206
"elapsed1143","6","FALSE","200",6.98699999996461
"elapsed1144","6","FALSE","200",6.38399999996182
"elapsed1145","6","FALSE","200",6.90100000001257
"elapsed1146","6","FALSE","200",7.09400000004098
"elapsed1147","6","FALSE","200",7.85999999998603
"elapsed1148","6","FALSE","200",7.49099999997998
"elapsed1149","6","FALSE","200",7.2390000000014
"elapsed1150","6","FALSE","300",15.7000000000116
"elapsed1151","6","FALSE","300",15.1450000000186
"elapsed1152","6","FALSE","300",15.429999999993
"elapsed1153","6","FALSE","300",15.1450000000186
"elapsed1154","6","FALSE","300",16.7710000000079
"elapsed1155","6","FALSE","300",14.3360000000102
"elapsed1156","6","FALSE","300",14.9689999999828
"elapsed1157","6","FALSE","300",17.039999999979
"elapsed1158","6","FALSE","300",14.4290000000037
"elapsed1159","6","FALSE","300",15.070000000007
"elapsed1160","6","FALSE","300",15.475999999966
"elapsed1161","6","FALSE","300",15.1780000000144
"elapsed1162","6","FALSE","300",16.3969999999972
"elapsed1163","6","FALSE","300",15.7770000000019
"elapsed1164","6","FALSE","300",14.8250000000116
"elapsed1165","6","FALSE","300",14.5909999999567
"elapsed1166","6","FALSE","300",13.7829999999958
"elapsed1167","6","FALSE","300",19.4940000000061
"elapsed1168","6","FALSE","300",16.3429999999935
"elapsed1169","6","FALSE","300",14.3849999999511
"elapsed1170","6","FALSE","300",19.6710000000312
"elapsed1171","6","FALSE","300",15.0730000000331
"elapsed1172","6","FALSE","300",20.9720000000088
"elapsed1173","6","FALSE","300",16.2379999999539
"elapsed1174","6","FALSE","300",19.2370000000228
"elapsed1175","6","FALSE","300",20.189000000013
"elapsed1176","6","FALSE","300",15.7589999999618
"elapsed1177","6","FALSE","300",14.7430000000168
"elapsed1178","6","FALSE","300",16.954000000027
"elapsed1179","6","FALSE","300",16.420999999973
"elapsed1180","6","FALSE","300",16.1280000000261
"elapsed1181","6","FALSE","300",16.4839999999967
"elapsed1182","6","FALSE","300",15.7660000000033
"elapsed1183","6","FALSE","300",20.2850000000326
"elapsed1184","6","FALSE","300",16.0409999999683
"elapsed1185","6","FALSE","300",16.5619999999763
"elapsed1186","6","FALSE","300",16.1620000000112
"elapsed1187","6","FALSE","300",16.1460000000079
"elapsed1188","6","FALSE","300",18.7919999999576
"elapsed1189","6","FALSE","300",16.2150000000256
"elapsed1190","6","FALSE","300",16.7629999999772
"elapsed1191","6","FALSE","300",16.7940000000526
"elapsed1192","6","FALSE","300",16.0719999999856
"elapsed1193","6","FALSE","300",17.6989999999641
"elapsed1194","6","FALSE","300",16.570000000007
"elapsed1195","6","FALSE","300",16.6769999999669
"elapsed1196","6","FALSE","300",16.3310000000056
"elapsed1197","6","FALSE","300",15.7470000000321
"elapsed1198","6","FALSE","300",16.1389999999665
"elapsed1199","6","FALSE","300",16.0540000000037
"elapsed1200","6","FALSE","500",44.8169999999809
"elapsed1201","6","FALSE","500",45.060999999987
"elapsed1202","6","FALSE","500",41.9039999999804
"elapsed1203","6","FALSE","500",43.2880000000005
"elapsed1204","6","FALSE","500",46.5709999999963
"elapsed1205","6","FALSE","500",43.5040000000154
"elapsed1206","6","FALSE","500",43.0370000000112
"elapsed1207","6","FALSE","500",44.9270000000251
"elapsed1208","6","FALSE","500",42.1689999999944
"elapsed1209","6","FALSE","500",47.1199999999953
"elapsed1210","6","FALSE","500",42.4589999999735
"elapsed1211","6","FALSE","500",42.570000000007
"elapsed1212","6","FALSE","500",43.1029999999446
"elapsed1213","6","FALSE","500",43.1940000000177
"elapsed1214","6","FALSE","500",43.9920000000275
"elapsed1215","6","FALSE","500",40.9860000000335
"elapsed1216","6","FALSE","500",41.875
"elapsed1217","6","FALSE","500",41.8910000000033
"elapsed1218","6","FALSE","500",46.1080000000075
"elapsed1219","6","FALSE","500",42.9839999999967
"elapsed1220","6","FALSE","500",45.8940000000293
"elapsed1221","6","FALSE","500",41.5740000000224
"elapsed1222","6","FALSE","500",43.5950000000303
"elapsed1223","6","FALSE","500",44.9550000000163
"elapsed1224","6","FALSE","500",42.9529999999795
"elapsed1225","6","FALSE","500",43.219000000041
"elapsed1226","6","FALSE","500",43.7310000000289
"elapsed1227","6","FALSE","500",40.5949999999721
"elapsed1228","6","FALSE","500",42.4529999999795
"elapsed1229","6","FALSE","500",45.6140000000014
"elapsed1230","6","FALSE","500",45.7369999999646
"elapsed1231","6","FALSE","500",43.8130000000237
"elapsed1232","6","FALSE","500",45.3209999999963
"elapsed1233","6","FALSE","500",43.9680000000517
"elapsed1234","6","FALSE","500",46.6050000000396
"elapsed1235","6","FALSE","500",41.6280000000261
"elapsed1236","6","FALSE","500",42.2679999999818
"elapsed1237","6","FALSE","500",43.5320000000065
"elapsed1238","6","FALSE","500",53.0389999999898
"elapsed1239","6","FALSE","500",46.3039999999455
"elapsed1240","6","FALSE","500",45.5020000000368
"elapsed1241","6","FALSE","500",47.1589999999851
"elapsed1242","6","FALSE","500",49.4580000000424
"elapsed1243","6","FALSE","500",44.850999999966
"elapsed1244","6","FALSE","500",50.8249999999534
"elapsed1245","6","FALSE","500",51.5530000000144
"elapsed1246","6","FALSE","500",46.4649999999674
"elapsed1247","6","FALSE","500",51.320000000007
"elapsed1248","6","FALSE","500",48.6780000000144
"elapsed1249","6","FALSE","500",50.6609999999637
"elapsed1250","6","TRUE","100",2.2949999999837
"elapsed1251","6","TRUE","100",2.39100000000326
"elapsed1252","6","TRUE","100",2.49599999998463
"elapsed1253","6","TRUE","100",2.53599999996368
"elapsed1254","6","TRUE","100",2.1820000000298
"elapsed1255","6","TRUE","100",2.72200000000885
"elapsed1256","6","TRUE","100",2.38200000004144
"elapsed1257","6","TRUE","100",2.48700000002282
"elapsed1258","6","TRUE","100",2.1140000000014
"elapsed1259","6","TRUE","100",2.38600000005681
"elapsed1260","6","TRUE","100",2.16500000003725
"elapsed1261","6","TRUE","100",2.39600000000792
"elapsed1262","6","TRUE","100",2.16199999995297
"elapsed1263","6","TRUE","100",2.21999999997206
"elapsed1264","6","TRUE","100",1.97299999999814
"elapsed1265","6","TRUE","100",1.98999999999069
"elapsed1266","6","TRUE","100",2.2039999999688
"elapsed1267","6","TRUE","100",2.25699999998324
"elapsed1268","6","TRUE","100",2.13500000000931
"elapsed1269","6","TRUE","100",2.19500000000698
"elapsed1270","6","TRUE","100",2.34399999998277
"elapsed1271","6","TRUE","100",2.39400000002934
"elapsed1272","6","TRUE","100",2.60700000001816
"elapsed1273","6","TRUE","100",2.35700000001816
"elapsed1274","6","TRUE","100",2.2270000000135
"elapsed1275","6","TRUE","100",2.29300000000512
"elapsed1276","6","TRUE","100",2.22800000000279
"elapsed1277","6","TRUE","100",2.3640000000014
"elapsed1278","6","TRUE","100",1.87800000002608
"elapsed1279","6","TRUE","100",2.04399999999441
"elapsed1280","6","TRUE","100",2.17000000004191
"elapsed1281","6","TRUE","100",2.09399999998277
"elapsed1282","6","TRUE","100",2.30099999997765
"elapsed1283","6","TRUE","100",2.16200000001118
"elapsed1284","6","TRUE","100",2.03200000000652
"elapsed1285","6","TRUE","100",2.03200000000652
"elapsed1286","6","TRUE","100",2.10500000003958
"elapsed1287","6","TRUE","100",2.21899999998277
"elapsed1288","6","TRUE","100",2.1809999999823
"elapsed1289","6","TRUE","100",2.35000000003492
"elapsed1290","6","TRUE","100",2.22099999996135
"elapsed1291","6","TRUE","100",2.25900000002002
"elapsed1292","6","TRUE","100",2.24400000000605
"elapsed1293","6","TRUE","100",2.11699999996927
"elapsed1294","6","TRUE","100",2.14100000000326
"elapsed1295","6","TRUE","100",2.34700000000885
"elapsed1296","6","TRUE","100",2.69500000000698
"elapsed1297","6","TRUE","100",2.13699999998789
"elapsed1298","6","TRUE","100",2.23200000001816
"elapsed1299","6","TRUE","100",2.04700000002049
"elapsed1300","6","TRUE","150",4.89999999996508
"elapsed1301","6","TRUE","150",4.73800000001211
"elapsed1302","6","TRUE","150",4.63400000002002
"elapsed1303","6","TRUE","150",4.66300000000047
"elapsed1304","6","TRUE","150",4.55999999999767
"elapsed1305","6","TRUE","150",4.69500000000698
"elapsed1306","6","TRUE","150",4.79699999996228
"elapsed1307","6","TRUE","150",4.96199999999953
"elapsed1308","6","TRUE","150",4.37099999998463
"elapsed1309","6","TRUE","150",4.7390000000014
"elapsed1310","6","TRUE","150",4.60999999998603
"elapsed1311","6","TRUE","150",4.61699999996927
"elapsed1312","6","TRUE","150",5.01300000003539
"elapsed1313","6","TRUE","150",4.82299999997485
"elapsed1314","6","TRUE","150",4.52100000000792
"elapsed1315","6","TRUE","150",4.35300000000279
"elapsed1316","6","TRUE","150",4.34000000002561
"elapsed1317","6","TRUE","150",4.46700000000419
"elapsed1318","6","TRUE","150",4.64699999999721
"elapsed1319","6","TRUE","150",4.54700000002049
"elapsed1320","6","TRUE","150",4.23500000004424
"elapsed1321","6","TRUE","150",4.89000000001397
"elapsed1322","6","TRUE","150",4.90000000002328
"elapsed1323","6","TRUE","150",4.58600000001024
"elapsed1324","6","TRUE","150",4.50599999999395
"elapsed1325","6","TRUE","150",4.29200000001583
"elapsed1326","6","TRUE","150",4.49699999997392
"elapsed1327","6","TRUE","150",4.56800000002841
"elapsed1328","6","TRUE","150",4.57000000000698
"elapsed1329","6","TRUE","150",4.63499999995111
"elapsed1330","6","TRUE","150",4.46700000000419
"elapsed1331","6","TRUE","150",4.84999999997672
"elapsed1332","6","TRUE","150",4.45000000001164
"elapsed1333","6","TRUE","150",5.0460000000312
"elapsed1334","6","TRUE","150",5.04999999998836
"elapsed1335","6","TRUE","150",4.52199999999721
"elapsed1336","6","TRUE","150",4.89299999998184
"elapsed1337","6","TRUE","150",4.49300000001676
"elapsed1338","6","TRUE","150",4.71000000002095
"elapsed1339","6","TRUE","150",4.36599999997998
"elapsed1340","6","TRUE","150",4.60999999998603
"elapsed1341","6","TRUE","150",4.63500000000931
"elapsed1342","6","TRUE","150",4.54100000002654
"elapsed1343","6","TRUE","150",4.96400000003632
"elapsed1344","6","TRUE","150",4.63999999995576
"elapsed1345","6","TRUE","150",5.21400000003632
"elapsed1346","6","TRUE","150",5.27599999995437
"elapsed1347","6","TRUE","150",5.1940000000177
"elapsed1348","6","TRUE","150",5.09799999999814
"elapsed1349","6","TRUE","150",4.76299999997718
"elapsed1350","6","TRUE","200",7.54899999999907
"elapsed1351","6","TRUE","200",7.80200000002515
"elapsed1352","6","TRUE","200",7.56399999995483
"elapsed1353","6","TRUE","200",7.89400000002934
"elapsed1354","6","TRUE","200",7.80299999995623
"elapsed1355","6","TRUE","200",8.37300000002142
"elapsed1356","6","TRUE","200",7.61999999999534
"elapsed1357","6","TRUE","200",7.30900000000838
"elapsed1358","6","TRUE","200",7.40599999995902
"elapsed1359","6","TRUE","200",7.19699999998556
"elapsed1360","6","TRUE","200",8.19300000002841
"elapsed1361","6","TRUE","200",8.11999999999534
"elapsed1362","6","TRUE","200",7.94699999998556
"elapsed1363","6","TRUE","200",7.66499999997905
"elapsed1364","6","TRUE","200",7.57800000003772
"elapsed1365","6","TRUE","200",7.54799999995157
"elapsed1366","6","TRUE","200",8.03299999999581
"elapsed1367","6","TRUE","200",7.56500000000233
"elapsed1368","6","TRUE","200",8.77400000003399
"elapsed1369","6","TRUE","200",7.87199999997392
"elapsed1370","6","TRUE","200",7.93800000002375
"elapsed1371","6","TRUE","200",7.7949999999837
"elapsed1372","6","TRUE","200",7.39500000001863
"elapsed1373","6","TRUE","200",7.44799999997485
"elapsed1374","6","TRUE","200",8.06200000003446
"elapsed1375","6","TRUE","200",8.22399999998743
"elapsed1376","6","TRUE","200",7.67700000002515
"elapsed1377","6","TRUE","200",8.10700000001816
"elapsed1378","6","TRUE","200",7.53200000000652
"elapsed1379","6","TRUE","200",8.08499999996275
"elapsed1380","6","TRUE","200",7.34399999998277
"elapsed1381","6","TRUE","200",7.46200000005774
"elapsed1382","6","TRUE","200",7.49200000002747
"elapsed1383","6","TRUE","200",7.39199999999255
"elapsed1384","6","TRUE","200",7.95900000003166
"elapsed1385","6","TRUE","200",7.55100000003586
"elapsed1386","6","TRUE","200",7.28600000002189
"elapsed1387","6","TRUE","200",7.80800000001909
"elapsed1388","6","TRUE","200",7.52799999999115
"elapsed1389","6","TRUE","200",7.69599999999627
"elapsed1390","6","TRUE","200",7.20699999999488
"elapsed1391","6","TRUE","200",7.40299999999115
"elapsed1392","6","TRUE","200",7.30800000001909
"elapsed1393","6","TRUE","200",8.7039999999688
"elapsed1394","6","TRUE","200",8.54899999999907
"elapsed1395","6","TRUE","200",8.91100000002189
"elapsed1396","6","TRUE","200",7.66800000000512
"elapsed1397","6","TRUE","200",7.80800000001909
"elapsed1398","6","TRUE","200",7.80799999996088
"elapsed1399","6","TRUE","200",7.58299999998417
"elapsed1400","6","TRUE","300",15.7430000000168
"elapsed1401","6","TRUE","300",15.6840000000084
"elapsed1402","6","TRUE","300",17.2250000000349
"elapsed1403","6","TRUE","300",18.1870000000345
"elapsed1404","6","TRUE","300",15.7859999999637
"elapsed1405","6","TRUE","300",15.2529999999679
"elapsed1406","6","TRUE","300",15.4010000000126
"elapsed1407","6","TRUE","300",17.35699999996
"elapsed1408","6","TRUE","300",15.774000000034
"elapsed1409","6","TRUE","300",16.1539999999804
"elapsed1410","6","TRUE","300",15.7619999999879
"elapsed1411","6","TRUE","300",16.1830000000191
"elapsed1412","6","TRUE","300",15.7179999999935
"elapsed1413","6","TRUE","300",16.8649999999907
"elapsed1414","6","TRUE","300",16.2630000000354
"elapsed1415","6","TRUE","300",16.0890000000363
"elapsed1416","6","TRUE","300",15.9890000000014
"elapsed1417","6","TRUE","300",15.3520000000135
"elapsed1418","6","TRUE","300",15.7609999999986
"elapsed1419","6","TRUE","300",15.0380000000005
"elapsed1420","6","TRUE","300",16.1290000000154
"elapsed1421","6","TRUE","300",15.8729999999632
"elapsed1422","6","TRUE","300",17.4060000000172
"elapsed1423","6","TRUE","300",15.899000000034
"elapsed1424","6","TRUE","300",14.2700000000186
"elapsed1425","6","TRUE","300",15.838000000047
"elapsed1426","6","TRUE","300",14.7330000000075
"elapsed1427","6","TRUE","300",15.4170000000158
"elapsed1428","6","TRUE","300",15.2280000000028
"elapsed1429","6","TRUE","300",16.0889999999781
"elapsed1430","6","TRUE","300",16.1440000000293
"elapsed1431","6","TRUE","300",16.7800000000279
"elapsed1432","6","TRUE","300",15.4519999999902
"elapsed1433","6","TRUE","300",16.3520000000135
"elapsed1434","6","TRUE","300",15.9810000000289
"elapsed1435","6","TRUE","300",16.2860000000219
"elapsed1436","6","TRUE","300",16.1990000000224
"elapsed1437","6","TRUE","300",15.9660000000149
"elapsed1438","6","TRUE","300",15.4890000000014
"elapsed1439","6","TRUE","300",16.689000000013
"elapsed1440","6","TRUE","300",15.9699999999721
"elapsed1441","6","TRUE","300",15.4539999999688
"elapsed1442","6","TRUE","300",16.6699999999837
"elapsed1443","6","TRUE","300",14.7339999999967
"elapsed1444","6","TRUE","300",16.2600000000093
"elapsed1445","6","TRUE","300",14.9920000000275
"elapsed1446","6","TRUE","300",15.9519999999902
"elapsed1447","6","TRUE","300",15.3429999999935
"elapsed1448","6","TRUE","300",15.3190000000177
"elapsed1449","6","TRUE","300",15.5129999999772
"elapsed1450","6","TRUE","500",40.8239999999641
"elapsed1451","6","TRUE","500",40.9800000000396
"elapsed1452","6","TRUE","500",40.3499999999767
"elapsed1453","6","TRUE","500",39.49099999998
"elapsed1454","6","TRUE","500",42.3220000000438
"elapsed1455","6","TRUE","500",42.469000000041
"elapsed1456","6","TRUE","500",39.4619999999995
"elapsed1457","6","TRUE","500",40.6749999999884
"elapsed1458","6","TRUE","500",37.8800000000047
"elapsed1459","6","TRUE","500",39.2220000000088
"elapsed1460","6","TRUE","500",41.1440000000293
"elapsed1461","6","TRUE","500",38.649000000034
"elapsed1462","6","TRUE","500",40.7529999999679
"elapsed1463","6","TRUE","500",41.9089999999851
"elapsed1464","6","TRUE","500",39.2849999999744
"elapsed1465","6","TRUE","500",37.8530000000028
"elapsed1466","6","TRUE","500",39.4719999999506
"elapsed1467","6","TRUE","500",38.2449999999953
"elapsed1468","6","TRUE","500",42.0119999999879
"elapsed1469","6","TRUE","500",43.4410000000498
"elapsed1470","6","TRUE","500",40.6510000000126
"elapsed1471","6","TRUE","500",40.9200000000419
"elapsed1472","6","TRUE","500",40.8040000000037
"elapsed1473","6","TRUE","500",40.0819999999949
"elapsed1474","6","TRUE","500",38.3439999999828
"elapsed1475","6","TRUE","500",39.469000000041
"elapsed1476","6","TRUE","500",39.3420000000042
"elapsed1477","6","TRUE","500",40.7939999999944
"elapsed1478","6","TRUE","500",39.0769999999902
"elapsed1479","6","TRUE","500",39.3449999999721
"elapsed1480","6","TRUE","500",41.5530000000144
"elapsed1481","6","TRUE","500",42.310999999987
"elapsed1482","6","TRUE","500",38.5360000000219
"elapsed1483","6","TRUE","500",43.1849999999977
"elapsed1484","6","TRUE","500",40.4049999999697
"elapsed1485","6","TRUE","500",41.1779999999562
"elapsed1486","6","TRUE","500",39.9230000000098
"elapsed1487","6","TRUE","500",38.5779999999795
"elapsed1488","6","TRUE","500",38.1960000000545
"elapsed1489","6","TRUE","500",43.2280000000028
"elapsed1490","6","TRUE","500",39.0799999999581
"elapsed1491","6","TRUE","500",38.4699999999721
"elapsed1492","6","TRUE","500",38.814000000013
"elapsed1493","6","TRUE","500",38.3649999999907
"elapsed1494","6","TRUE","500",31.890000000014
"elapsed1495","6","TRUE","500",41.5730000000331
"elapsed1496","6","TRUE","500",39.23199999996
"elapsed1497","6","TRUE","500",40.7690000000293
"elapsed1498","6","TRUE","500",35.5250000000233
"elapsed1499","6","TRUE","500",30.2480000000214
